ggml-org	email1	en	stop	{"summary": "aggiungere frase prodotto, nascondere prezzo B2B, spazio categoria, tagli nome mobile"}
ggml-org	email1	it	stop	{ "summary": "aggiungi frase, nascondi prezzo, aumenta spazio, correggi tagli" }
ggml-org	email1	it2	stop	{
  "summary": "Aggiungi frase prodotto, nascondi prezzo B2B, aumenta spazio griglia, correggi tagli mobile"
}
ggml-org	email2	en	stop	{"summary": "SMTP issue, fix needed"}
ggml-org	email2	it	stop	{
  "summary": "Verifica server SMTP. Ripristina email. Credenziali se necessario."
}
ggml-org	email2	it2	stop	{
  "summary": "Verificare server SMTP e ripristinare entro oggi. Credenziali in privato."
}
ggml-org	email3	en	stop	{"summary": "Admin dashboard: export CSV, add stato pagamento, fix Google login, close sidebar"}
ggml-org	email3	it	stop	{ "summary": "Modifiche dashboard admin: CSV, stato pagamento, login Google, menu richiudibile." }
ggml-org	email3	it2	stop	{ "summary": "Modifiche dashboard admin: export CSV, aggiungere colonna, login Google non funziona, menu laterale richiudibile" }
ggml-org	email4	en	stop	{"summary": "aggiornamento foto, numero telefono"}
ggml-org	email4	it	stop	{ "summary": "aggiornamento foto, numero telefono" }
ggml-org	email4	it2	stop	{"summary": "aggiornamento foto staff, cambio numero telefono"}
ggml-org	email5	en	stop	{ "summary": "test app: push twice Android, build fail out of memory" }
ggml-org	email5	it	stop	{ "summary": "Test app: push duplicato Android, build errore out of memory. Aggiornamento changelog domani." }
ggml-org	email5	it2	stop	{ "summary": "Fare test app: push notification duplicato, deploy staging fermo, pipeline build fallito." }
